file,label,aspect_ratio,area,eccentricity,hu1,hu2,hu3,hu4,hu5,hu6,hu7
star_Raw_Observation_001_Set1_1061_765.png,star,1.0,57.5,0.055922876513312146,0.793135080789944,4.091090622112638,4.614043258661169,6.425106323716313,9.995096851727565,8.4581140279208,0.0
star_Raw_Observation_001_Set1_1569_2643.png,star,1.0,15.5,0.07144789646931463,0.7813947985390848,3.8548103926222006,4.260858883635848,6.03686917743437,9.972572032248724,-7.960339696488824,9.99999999999999
star_Raw_Observation_001_Set1_1586_3366.png,star,1.0,11.0,0.06179775280898605,0.7866078771811795,3.991269963543323,3.624257828986257,6.200625115966597,9.967760037447675,-8.18955715016179,9.999999999999863
star_Raw_Observation_001_Set1_190_1384.png,star,1.25,10.5,0.27924951814604126,0.7745862713706553,2.6571876587366496,4.079455492566864,5.578657952767447,-9.983538933704565,-7.136118287688952,-9.857246902995929
star_Raw_Observation_001_Set1_2415_3778.png,star,0.75,5.0,0.30412371134020943,0.7633507922653071,2.5606010058203443,3.629601705408911,5.993847553455215,9.936874772934907,7.273375115818205,0.0
star_Raw_Observation_001_Set1_2519_2773.png,star,1.0,132.0,0.03603960695740026,0.7956683170131621,4.4777752377566,4.969512777315324,7.852304219739581,9.999999685900391,9.88632332634042,-9.999976564950096
star_Raw_Observation_001_Set1_3163_3741.png,star,1.1428571428571428,34.0,0.1333930170098487,0.7930559110828705,3.335845538003028,10.0,10.0,10.0,-10.0,10.0
star_Raw_Observation_001_Set1_3777_3399.png,star,1.0,71.0,0.027965342476093155,0.7937781432608769,4.694313854218028,5.0672429845423625,7.19404629308065,9.999885609450184,-9.469606293678828,-9.999829745677483
star_Raw_Observation_001_Set1_924_3507.png,star,1.0,20.5,0.058537618321124266,0.7909901551803366,4.047109729596319,4.112536382387408,8.230047644466506,9.999990592045416,-9.99717090798044,9.999986082716617
star_Raw_Observation_003_Set1_1062_764.png,star,1.0,60.5,0.06651711162410195,0.7942287251921333,3.9425903052760463,5.123841244215326,7.166631047150683,9.999883015004473,9.084474716618708,9.999824051484802
star_Raw_Observation_003_Set1_1568_2642.png,star,0.8333333333333334,16.0,0.10400000000000101,0.7884512067566254,3.5428355838769976,6.622477786492504,6.178896834054826,-9.998858594599028,7.946523405562551,9.999999999999998
star_Raw_Observation_003_Set1_1585_3364.png,star,1.0,9.0,0.0,0.778151250123067,0.0,0.0,0.0,0.0,0.0,0.0
star_Raw_Observation_003_Set1_191_1383.png,star,1.0,8.0,0.016209063843860713,0.7851343143005007,5.150746618257949,3.5756949919432084,5.546324230803589,-9.749339534906525,-8.116005814322884,9.99999999999791
star_Raw_Observation_003_Set1_2415_3777.png,star,1.3333333333333333,6.0,0.38461538461538464,0.7433891438838993,2.316724975184969,0.0,0.0,0.0,0.0,0.0
star_Raw_Observation_003_Set1_2519_2773.png,star,1.0,133.5,0.03372390894379165,0.7968581223164922,4.53783893076081,5.489323201594987,9.066005330623359,9.999999854587417,9.988445936638879,-9.999999925281017
star_Raw_Observation_003_Set1_3162_3741.png,star,0.875,34.0,0.1333930170098487,0.7930559110828705,3.335845538003028,10.0,10.0,10.0,-10.0,-10.0
star_Raw_Observation_003_Set1_3776_3399.png,star,1.0,68.5,0.014776787921844005,0.7953893569226551,5.251610882005062,4.35262196804897,7.682239295256542,-9.99991522073993,-9.98649994289573,9.999985059446196
star_Raw_Observation_003_Set1_923_3506.png,star,0.8333333333333334,17.0,0.18984230891850157,0.7830852049830913,3.009384351595632,4.165387118372869,5.853667252461343,9.944677994015759,7.390616814609619,-9.992343437942958
star_Raw_Observation_004_Set1_1063_764.png,star,0.9,60.0,0.07489073836166081,0.7934052194464888,3.837953915591806,4.725786479190927,7.574859356895051,-9.999927052473895,-9.490173749650747,-9.999964095704568
star_Raw_Observation_004_Set1_1569_2642.png,star,0.8333333333333334,17.0,0.189842308918502,0.7830852049830923,3.009384351595632,4.165387118372873,5.8536672524624995,9.94467799401603,7.390616814609711,9.99234343794244
star_Raw_Observation_004_Set1_1586_3365.png,star,1.0,9.0,0.0,0.778151250123067,0.0,0.0,0.0,0.0,0.0,0.0
star_Raw_Observation_004_Set1_191_1382.png,star,0.8,10.5,0.2792495181460306,0.7745862713706566,2.657187658736685,4.079455492569453,5.578657952770719,-9.983538933702212,-7.136118287686755,-9.857246902997858
star_Raw_Observation_004_Set1_2416_3777.png,star,1.0,7.0,0.0,0.796249472204779,0.0,10.0,10.0,10.0,0.0,10.0
star_Raw_Observation_004_Set1_2520_2773.png,star,1.0,134.5,0.021100825024300114,0.7969975670483308,4.945392432469739,6.594586066391509,9.494269100610683,9.999999992833501,9.996788213285084,0.0
star_Raw_Observation_004_Set1_3163_3741.png,star,1.0,31.5,0.036554726350004715,0.7919676799752684,4.458047039370586,4.234601504153483,6.749140528530543,-9.998411342859923,-8.986258212979418,-9.998087724819527
star_Raw_Observation_004_Set1_3778_3399.png,star,1.0,68.0,0.005188209767111544,0.7953032970275633,6.160508687936713,4.249288204840657,7.742862786677958,-9.999921441579174,-9.939516878246796,10.0
star_Raw_Observation_004_Set1_924_3505.png,star,0.8333333333333334,16.0,0.10400000000000402,0.7884512067566266,3.5428355838769745,6.6224777864799185,6.178896834052308,-9.998858594599001,7.946523405560043,-9.999999999999993
star_Raw_Observation_005_Set1_1064_764.png,star,1.1111111111111112,58.0,0.07092289049046421,0.7939356246415954,3.886298061299031,5.835270189399991,7.3188932640435524,-9.999944994267878,-9.189886744784106,10.0
star_Raw_Observation_005_Set1_1570_2642.png,star,1.2,17.0,0.189842308918502,0.7830852049830923,3.009384351595632,4.165387118372556,5.853667252464005,9.944677994016248,7.39061681461174,9.992343437942768
star_Raw_Observation_005_Set1_1587_3365.png,star,0.8,10.0,0.1858788929499795,0.7702612902688488,3.0020623828913733,3.692131643636062,5.7856603170340675,9.910568158134856,7.338612948550687,9.923589695457393
star_Raw_Observation_005_Set1_192_1383.png,star,1.25,10.0,0.25252525252525454,0.7825160555228863,2.7604224584078465,10.0,10.0,10.0,-10.0,10.0
star_Raw_Observation_005_Set1_2416_3777.png,star,1.0,6.0,0.20823439272127847,0.7691964074754544,2.9012878594703118,3.5606364189605717,4.840308740843353,-9.042083486255772,-6.308920264783387,9.283930312324689
star_Raw_Observation_005_Set1_2520_2773.png,star,1.0,133.0,0.03000927558117491,0.7965202756599203,4.6385276389989905,5.685262792454758,9.025944337292744,9.999999881366485,-9.985923357991846,-9.999999904260081
star_Raw_Observation_005_Set1_3163_3741.png,star,1.0,33.0,0.058801539200648296,0.7902272508195045,4.0416766353329105,4.527764199302443,8.05759092635405,9.99998612952553,-9.764216642748792,-9.999986933486696
star_Raw_Observation_005_Set1_3777_3400.png,star,1.0,68.0,0.005188209767111544,0.7953032970275633,6.160508687936713,4.249288204840736,7.7428627866745,-9.999921441579174,-9.939516878246344,-10.0
star_Raw_Observation_005_Set1_924_3506.png,star,1.0,19.5,0.03827834169576556,0.7904302643929568,4.414953170418758,5.131496381380948,7.738408952411395,-9.999971104603585,9.672335529510312,9.999999999999998
star_Raw_Observation_006_Set1_1065_763.png,star,1.0,60.5,0.026715312644499035,0.7952148547929755,4.736906818395986,6.44375534919847,7.565185864778443,-9.999996076962685,-9.789634594874299,-9.999989049227601
star_Raw_Observation_006_Set1_1570_2641.png,star,1.0,14.5,0.0779027270171533,0.7903526376824085,3.797599682196814,4.293719226864126,5.825032439798329,9.946736677050687,7.7215679473713505,0.0
star_Raw_Observation_006_Set1_1586_3363.png,star,0.8,10.0,0.1858788929499773,0.7702612902688488,3.0020623828913835,3.692131643636415,5.785660317034654,9.910568158134051,7.338612948548996,-9.92358969545879
star_Raw_Observation_006_Set1_193_1381.png,star,0.8,10.0,0.25252525252525454,0.7825160555228863,2.7604224584078465,10.0,10.0,10.0,-10.0,-10.0
star_Raw_Observation_006_Set1_2416_3777.png,star,1.0,7.0,0.0,0.796249472204779,0.0,10.0,10.0,-10.0,0.0,0.0
star_Raw_Observation_006_Set1_2520_2772.png,star,1.0769230769230769,127.5,0.017272066213233524,0.7961247238003707,5.117555166695831,6.055367992542378,8.888708112311575,-9.999999835887289,-9.992563089522795,-9.999999965490442
star_Raw_Observation_006_Set1_3163_3741.png,star,0.875,34.0,0.1333930170098487,0.7930559110828705,3.335845538003028,10.0,10.0,10.0,-10.0,-10.0
star_Raw_Observation_006_Set1_3778_3399.png,star,1.0,67.5,0.015312694177153915,0.7955077778350101,5.220905115734489,4.731809357607034,7.712146468169525,-9.999957801371036,9.852391292603727,9.999972901485979
star_Raw_Observation_006_Set1_925_3504.png,star,1.0,15.0,0.005030181086516931,0.7861598976076091,6.169088448963574,3.9759515734927207,5.618315689572032,-9.858810575011447,-8.681532271442517,9.999999999999613
star_Raw_Observation_007_Set1_1066_763.png,star,1.1111111111111112,58.5,0.06177534366925082,0.7936877869260941,4.005744794009597,5.048036454372823,6.697171648725192,9.999143241970756,8.77516926973757,-9.999206847156147
star_Raw_Observation_007_Set1_1571_2642.png,star,0.8333333333333334,16.0,0.10400000000000101,0.7884512067566254,3.5428355838769976,6.622477786488358,6.1788968340539965,-9.99885859459902,7.946523405561728,-9.999999999999998
star_Raw_Observation_007_Set1_1588_3364.png,star,0.8,10.5,0.27924951814604826,0.7745862713706606,2.6571876587366385,4.0794554925686874,5.5786579527740745,-9.983538933704128,-7.136118287694064,9.857246902999032
star_Raw_Observation_007_Set1_194_1381.png,star,1.0,11.5,0.12004771050060707,0.7861364849718903,3.4135650943425535,4.270317211391328,6.1762721141562364,9.98572650271178,-7.904575768471849,-9.99067573231359
star_Raw_Observation_007_Set1_2416_3778.png,star,1.0,6.0,0.20823439272127653,0.7691964074754564,2.9012878594703237,3.5606364189607063,4.840308740843145,-9.04208348625519,-6.308920264782987,9.283930312325705
star_Raw_Observation_007_Set1_2522_2773.png,star,1.0,134.5,0.012221153868220445,0.796559916025451,5.418884014573353,5.809406498977771,8.684406670593425,-9.999999542419388,-9.984747515427213,9.999999883209517
star_Raw_Observation_007_Set1_3164_3742.png,star,0.875,33.5,0.08491008657491164,0.7918960467120406,3.7258732955562333,4.646359324103647,6.728661238706871,9.998937431711258,9.426114233868743,9.998721852683602
star_Raw_Observation_007_Set1_3779_3400.png,star,1.0,71.0,0.05052513629159066,0.7947597623484266,4.182503876708621,4.771135954839559,8.2482876789312,9.999992618620103,-9.838791445278627,-10.0
star_Raw_Observation_007_Set1_925_3505.png,star,0.8333333333333334,18.0,0.21003134796238018,0.7849055772684149,2.925242879217101,10.0,10.0,10.0,10.0,10.0
star_Raw_Observation_008_Set1_1067_763.png,star,1.0,63.5,0.01539328748276312,0.7963215809200467,5.217973227846828,5.736957878280872,9.431835422767838,-9.999999973922689,9.99712479659567,10.0
star_Raw_Observation_008_Set1_1571_2641.png,star,0.8333333333333334,16.0,0.10400000000000101,0.7884512067566254,3.5428355838769976,6.622477786492504,6.178896834054826,-9.998858594599028,7.946523405562551,9.999999999999998
star_Raw_Observation_008_Set1_1588_3364.png,star,1.0,11.0,0.1914223406833041,0.7638160914484502,2.963646898632955,3.1456435476389224,5.465893363794481,-9.569976012746304,-6.947344653087606,0.0
star_Raw_Observation_008_Set1_195_1381.png,star,1.0,9.0,0.0,0.778151250123067,0.0,0.0,0.0,0.0,0.0,0.0
star_Raw_Observation_008_Set1_2416_3777.png,star,1.3333333333333333,5.0,0.30412371134021865,0.7633507922653013,2.5606010058203066,3.629601705410531,5.993847553465711,9.936874772937145,7.273375115828664,9.999999999999423
star_Raw_Observation_008_Set1_2522_2773.png,star,1.0,136.0,0.020988344484768367,0.7969474307733084,4.9499346245552225,5.617498925013095,9.93990458780105,-9.999999999756977,-9.999826519961518,9.999999999700547
star_Raw_Observation_008_Set1_3164_3742.png,star,0.875,33.5,0.08491008657491134,0.7918960467120406,3.725873295556237,4.6463593241036305,6.728661238709078,9.998937431711274,9.426114233879428,-9.998721852683605
star_Raw_Observation_008_Set1_3779_3400.png,star,1.0,68.5,0.01686211751207003,0.7951237253552066,5.1364172823836265,5.351345658436136,7.7908513078025825,9.999981302515883,-9.843221926456293,-10.0
star_Raw_Observation_008_Set1_925_3504.png,star,1.0,19.0,0.11448953612991793,0.7882508321105646,3.4589699482588774,4.053198563659379,6.976367012253693,-9.998642860986495,-9.944753445621757,-9.999666352887486
star_Raw_Observation_009_Set1_1068_763.png,star,1.0,61.0,0.03514719814956578,0.7952136988441177,4.498644609507692,5.443583998870628,7.677173804928215,9.999990635325975,-9.68212200958934,9.999976871706412
star_Raw_Observation_009_Set1_1572_2642.png,star,1.0,19.0,0.11448953612991904,0.7882508321105646,3.458969948258869,4.053198563658642,6.976367012255405,-9.998642860986507,-9.944753445725754,-9.999666352887461
star_Raw_Observation_009_Set1_1588_3364.png,star,1.0,12.5,0.17380560131796072,0.7850902474985939,3.090052904973403,3.7217807039674584,5.768303781744947,-9.883847138474636,-7.312463059631557,-9.999999999999512
star_Raw_Observation_009_Set1_196_1381.png,star,1.0,9.0,0.0,0.778151250123067,0.0,0.0,0.0,0.0,0.0,0.0
star_Raw_Observation_009_Set1_2416_3778.png,star,1.3333333333333333,5.0,0.30412371134021865,0.7633507922653013,2.5606010058203066,3.629601705410531,5.993847553465711,9.936874772937145,7.273375115828664,9.999999999999423
star_Raw_Observation_009_Set1_2522_2774.png,star,1.0,134.0,0.013089235138440512,0.796670788093558,5.359503099770039,6.401156823747036,8.86270259849638,-9.999999951320701,9.993441258652194,9.99999988584032
star_Raw_Observation_009_Set1_3164_3743.png,star,0.875,33.5,0.08491008657491134,0.7918960467120406,3.725873295556237,4.6463593241036305,6.728661238709078,9.998937431711274,9.426114233879428,-9.998721852683605
star_Raw_Observation_009_Set1_3779_3402.png,star,1.0,68.5,0.014776787921848656,0.7953893569226551,5.251610882004789,4.352621968048641,7.6822392952526535,-9.999915220739929,-9.986499942892797,-9.999985059446198
star_Raw_Observation_009_Set1_925_3504.png,star,1.2,16.5,0.1264325592458351,0.7832038106076649,3.3626896636153085,4.411848129867747,6.051582566150363,-9.978736406432803,-7.75246286952017,-9.993995861303697
star_Raw_Observation_010_Set1_1069_763.png,star,1.1111111111111112,63.0,0.0990009123947807,0.7928863655993426,3.5944941668514305,5.161071771992687,7.720409525640728,9.999974703891219,9.668354305896996,9.999984380967598
star_Raw_Observation_010_Set1_1573_2642.png,star,1.0,17.5,0.05856130813431521,0.7885838265205664,4.041945636505892,4.567311134910103,6.912403530439874,9.99906158092371,8.903199533021203,9.999774945883237
star_Raw_Observation_010_Set1_1588_3364.png,star,0.8,11.0,0.26007145497105866,0.771085010018484,2.7119846234932705,3.9080293179879915,6.897866899752855,-9.997835431836512,8.246473756755035,-9.999999999999998
star_Raw_Observation_010_Set1_196_1381.png,star,1.0,9.0,0.0,0.778151250123067,0.0,0.0,0.0,0.0,0.0,0.0
star_Raw_Observation_010_Set1_2417_3778.png,star,0.75,5.0,0.30412371134021865,0.7633507922653013,2.5606010058203066,3.629601705410531,5.993847553465711,9.936874772937145,7.273375115828664,-9.999999999999423
star_Raw_Observation_010_Set1_2523_2774.png,star,1.0,137.0,0.02412633561480211,0.7969151378438285,4.8288446180731315,6.031716746888133,9.280576946062105,-9.999999973494376,-9.994037903801111,9.999999974804856
star_Raw_Observation_010_Set1_3165_3743.png,star,1.0,36.0,0.04444727048406188,0.79276185734845,4.289832676729559,4.923976049392287,6.9029878405654586,9.99965283951668,9.003086995091085,-9.999436900063454
star_Raw_Observation_010_Set1_3780_3402.png,star,1.0,70.0,0.030224371689596963,0.7950334356570479,4.629350459160627,5.038829837260439,7.857778760189301,9.999988987384208,-9.781580208925394,-9.99998184801707
star_Raw_Observation_010_Set1_926_3504.png,star,1.0,16.0,0.0,0.7781512501230685,0.0,10.0,10.0,-10.0,0.0,0.0
star_Raw_Observation_011_Set1_1070_762.png,star,1.0,59.5,0.01218145785911055,0.7950709235063986,5.418731923326733,5.249105297863158,7.465540729706966,9.999934990245976,9.778187881951466,0.0
star_Raw_Observation_011_Set1_1573_2641.png,star,0.8333333333333334,16.0,0.10400000000000101,0.7884512067566254,3.5428355838769976,6.622477786492504,6.178896834054826,-9.998858594599028,7.946523405562551,9.999999999999998
star_Raw_Observation_011_Set1_1589_3363.png,star,1.25,10.0,0.25252525252525454,0.7825160555228863,2.7604224584078465,10.0,10.0,10.0,-10.0,-10.0
star_Raw_Observation_011_Set1_198_1379.png,star,0.8,10.0,0.25252525252525454,0.7825160555228863,2.7604224584078465,10.0,10.0,10.0,-10.0,-10.0
star_Raw_Observation_011_Set1_2418_3777.png,star,1.0,7.0,0.0,0.796249472204779,0.0,10.0,10.0,10.0,0.0,10.0
star_Raw_Observation_011_Set1_2523_2773.png,star,1.0,128.5,0.013882483532252566,0.7962663072609976,5.307589462953132,4.8621990127930905,8.805960531777375,9.999999100659881,9.98934069091197,9.99999994694924
star_Raw_Observation_011_Set1_3165_3742.png,star,1.0,34.0,0.0,0.790342772967117,0.0,10.0,10.0,-10.0,0.0,0.0
star_Raw_Observation_011_Set1_3780_3401.png,star,1.0,66.5,0.05698205489939565,0.7938300807669462,4.076183430887547,4.742116868749496,9.557744835456765,-9.999999956533244,-9.993020574655885,0.0
star_Raw_Observation_011_Set1_927_3503.png,star,1.0,19.0,0.08867556974795786,0.7897439609254472,3.683879737591726,4.31227580347288,7.699166160681914,-9.999921203730644,9.5564279365704,-9.999968031766677
star_Raw_Observation_012_Set2_1183_3238.png,star,0.8888888888888888,38.0,0.09887892604322307,0.7903201326819538,3.5904326152630954,4.935683164735151,7.416805377313767,9.99989268456623,9.173181007124123,-9.999974075642118
star_Raw_Observation_012_Set2_1245_1633.png,star,1.0,124.0,0.016757421514830846,0.7960733283055975,5.143726222509944,5.500847916911253,7.718043258544445,9.999981690938073,-9.827405852851298,-9.999991300688611
star_Raw_Observation_012_Set2_1407_2623.png,star,0.8,10.0,0.1858788929499817,0.7702612902688488,3.0020623828913626,3.692131643634975,5.7856603170414385,9.910568158135893,7.338612948555814,9.923589695460214
star_Raw_Observation_012_Set2_1445_3590.png,star,1.0,68.5,0.014776787921854965,0.7953893569226551,5.251610882004418,4.352621968048782,7.682239295261557,-9.999915220739933,-9.986499942892573,-9.999985059446198
star_Raw_Observation_012_Set2_1467_894.png,star,1.0,137.0,0.025883798572458785,0.7960317954357155,4.766005034534491,5.862602323615803,8.301391845328899,-9.999998277986169,-9.92142315158911,9.999999732699685
star_Raw_Observation_012_Set2_1949_1764.png,star,1.0666666666666667,166.0,0.008090875909383672,0.7967110787496886,5.7774050635212575,5.3636196217128855,7.864821332327977,-9.999997020867628,9.935024729978078,9.999986060650143
star_Raw_Observation_012_Set2_2269_1407.png,star,1.0,137.0,0.03174883860728253,0.7962500855059039,4.589042799369952,4.965662362156511,8.510870678086919,9.999998643135457,9.99129105116126,-9.999998107061998
star_Raw_Observation_012_Set2_2323_3399.png,star,1.0,6.5,0.3221111564230987,0.7587572929986325,2.5015030386970363,4.135882191356997,5.172886611881068,-9.624014188647779,-6.498826607255605,-9.805331695838314
star_Raw_Observation_012_Set2_2340_1361.png,star,0.8888888888888888,38.5,0.10659924389389304,0.7896995546289215,3.523890716170051,5.86717863430043,7.300242130246919,-9.999985575138071,9.161248363347491,9.999945313247085
star_Raw_Observation_012_Set2_3462_1603.png,star,1.0,1.0,0.0,0.7781512501230916,0.0,10.0,10.0,10.0,0.0,0.0
star_Raw_Observation_012_Set2_4097_2628.png,star,1.0,29.5,0.09634994790441859,0.7932677818378172,3.618832415312664,4.266571838121366,6.745308287542954,9.997573617269172,8.539652859413144,0.0
star_Raw_Observation_012_Set2_4313_1899.png,star,1.0,94.0,0.0004263795710879395,0.7941524973748538,8.319551947073114,5.212817426582045,7.800298748839014,9.99997877795988,-9.995343620256275,0.0
star_Raw_Observation_012_Set2_963_1559.png,star,1.0,42.0,0.018017238354757735,0.7950786978079315,5.078775741498205,5.844657053249379,6.87788145874431,-9.999749964636266,9.31668606531168,9.999999999999998
star_Raw_Observation_013_Set2_1183_3238.png,star,1.0,36.0,0.002948113207541899,0.7916641722237151,6.644048638013221,4.37063893090586,7.863254790492009,9.999955044021407,-9.972739946251346,0.0
star_Raw_Observation_013_Set2_1245_1633.png,star,1.0769230769230769,122.0,0.030261799981058147,0.7959689040120319,4.630146442480594,4.8133311780137245,7.9937339382428885,-9.999983625052138,-9.838707884460568,9.9999949303371
star_Raw_Observation_013_Set2_1407_2623.png,star,1.0,8.5,0.11775115709231249,0.7795383493034546,3.417146218735581,3.842545026860535,6.13614896720294,9.968636610225916,-7.841754286092392,9.999999999999183
star_Raw_Observation_013_Set2_1445_3590.png,star,1.0,68.5,0.014776787921854965,0.7953893569226551,5.251610882004418,4.352621968048782,7.682239295261557,-9.999915220739933,-9.986499942892573,-9.999985059446198
star_Raw_Observation_013_Set2_1467_894.png,star,1.0,135.0,0.02504235241740619,0.796252084893363,4.79515121449769,5.123973558756241,8.588046473898558,-9.999999518913654,-9.978788664695038,9.999998608531543
star_Raw_Observation_013_Set2_1949_1764.png,star,1.0666666666666667,165.0,0.010001949230646213,0.7969089032124907,5.593631477221917,5.508844595929719,8.209118800000484,-9.999996454108468,9.997764899717161,9.999999257451762
star_Raw_Observation_013_Set2_2269_1407.png,star,1.0,135.0,0.027420532247236135,0.7963481581204973,4.716542294794754,5.7624038438760055,9.190781328958757,9.999999965979864,9.989934452355177,9.999999935935703
star_Raw_Observation_013_Set2_2323_3399.png,star,1.0,6.0,0.2082343927212639,0.7691964074754544,2.9012878594703726,3.5606364189616007,4.840308740844327,-9.04208348625664,-6.308920264784123,-9.283930312329263
star_Raw_Observation_013_Set2_2340_1361.png,star,1.0,37.5,0.07687899785955443,0.7929801259956357,3.8143445422261504,4.77968418571676,6.655300270211992,-9.999396780988922,-8.55033645730377,9.998265847741338
star_Raw_Observation_013_Set2_3462_1604.png,star,1.5,1.5,0.5458937625581356,0.6866362690511872,1.8990562710061958,2.8024798164547935,3.556481893433921,6.7681672306893885,4.550073666907132,7.164066073916496
star_Raw_Observation_013_Set2_4098_2629.png,star,1.0,30.0,0.06352341714794138,0.7931768988937431,3.9804856785657248,4.411825875747682,6.7587676599844935,-9.999973527682048,8.792218439493741,9.998039686786546
star_Raw_Observation_013_Set2_4314_1900.png,star,1.0,94.0,0.0004263795710879395,0.7941524973748538,8.319551947073114,5.212817426581855,7.800298748837774,9.99997877795988,-9.995343620256262,0.0
star_Raw_Observation_013_Set2_963_1559.png,star,1.0,43.0,0.047734589133324526,0.7933858193892166,4.229104525684241,4.551235505435546,6.444673098029171,9.999009095203089,8.59367338674972,-9.99517304946074
star_Raw_Observation_014_Set2_1183_3238.png,star,1.1428571428571428,36.0,0.10373287632571168,0.7886482428165492,3.5454634931431084,4.181789405437007,7.36832792654597,9.999892910131205,9.228800690597092,-9.999708035317871
star_Raw_Observation_014_Set2_1245_1633.png,star,0.9285714285714286,120.0,0.04221124318291494,0.7959747116630177,4.341092185440481,5.102601506189649,8.183753305553692,-9.999995508481653,-9.903211117054811,-9.999995551542984
star_Raw_Observation_014_Set2_1407_2623.png,star,1.0,9.0,0.0,0.778151250123067,0.0,0.0,0.0,0.0,0.0,0.0
star_Raw_Observation_014_Set2_1445_3590.png,star,1.0,69.0,0.003212652909922351,0.795524374905147,6.577157067375223,4.493449209952744,7.627714149602107,-9.999911554982623,-9.950502958624087,-9.999999999999998
star_Raw_Observation_014_Set2_1467_894.png,star,1.0,135.0,0.02504235241740619,0.796252084893363,4.79515121449769,5.123973558756241,8.588046473898558,-9.999999518913654,-9.978788664695038,9.999998608531543
star_Raw_Observation_014_Set2_1949_1764.png,star,1.0666666666666667,165.0,0.010001949230646213,0.7969089032124907,5.593631477221917,5.508844595929719,8.209118800000484,-9.999996454108468,9.997764899717161,9.999999257451762
star_Raw_Observation_014_Set2_2269_1407.png,star,1.0,137.0,0.016967553539723245,0.7967076182082016,5.134170865421647,5.206014200667753,8.170194288553475,9.999998870395212,9.96082568196065,-9.999994224137266
star_Raw_Observation_014_Set2_2323_3399.png,star,0.75,4.5,0.3581949873010268,0.7593039335979577,2.410368848732163,3.6434833324324107,5.139304148747043,9.975752315859701,-7.102846820284441,9.403859487059613
star_Raw_Observation_014_Set2_2340_1361.png,star,1.0,37.0,0.013348334911041084,0.7920096988569821,5.333155856161395,5.1229275320446295,7.267587646843797,-9.999913536928627,-9.727738783631203,-9.999878447355533
star_Raw_Observation_014_Set2_3462_1604.png,star,1.5,2.0,0.6000000000000136,0.6812412371671357,1.8061799712044024,10.0,10.0,10.0,10.0,10.0
star_Raw_Observation_014_Set2_4098_2629.png,star,1.0,30.0,0.06352341714794446,0.7931768988937431,3.9804856785656826,4.4118258757477875,6.758767659986031,-9.999973527682023,8.792218439497184,-9.998039686786557
star_Raw_Observation_014_Set2_4314_1900.png,star,0.9166666666666666,93.0,0.02014876018861314,0.7936301874783261,4.978759584014031,5.518703325629089,8.064082343106607,-9.999994047427364,9.89402730044373,10.0
star_Raw_Observation_014_Set2_963_1559.png,star,1.0,41.0,0.03527688157432008,0.7933721630441328,4.491762604773815,4.8594206368229385,7.6142277768784075,-9.999974773753722,9.625547526323695,9.999944662265959
star_Raw_Observation_015_Set2_1183_3238.png,star,1.0,37.0,0.052555221687496836,0.7905780497690377,4.1399237559648165,4.218217090140708,7.713910854863818,9.999969366191348,9.880692502791144,-9.999915341441032
star_Raw_Observation_015_Set2_1245_1633.png,star,1.0,122.0,0.034424845125108246,0.7960882386485053,4.518431054791778,5.530590000277166,8.08302086378764,9.999999335886418,-9.83962270603589,9.999994544700467
star_Raw_Observation_015_Set2_1407_2623.png,star,1.0,8.5,0.11775115709231249,0.7795383493034546,3.417146218735581,3.842545026860535,6.13614896720294,9.968636610225916,-7.841754286092392,9.999999999999183
star_Raw_Observation_015_Set2_1445_3590.png,star,1.0,69.5,0.04354020744650541,0.7948356944475968,4.311889511058122,4.758664178212804,7.949802201460019,9.999990970062536,-9.752121167362287,9.999980734244089
star_Raw_Observation_015_Set2_1467_894.png,star,0.9333333333333333,139.0,0.01779008468798527,0.7962835963140031,5.092205791930769,5.833116929424208,8.868386333845642,-9.999999999861496,-9.995320524953218,9.999999766305185
star_Raw_Observation_015_Set2_1949_1764.png,star,1.0666666666666667,167.0,0.019810618917274994,0.7967261813046972,4.999651935975298,5.615450179045437,7.943006536442652,9.99999782420148,9.874095501332866,9.999992172234773
star_Raw_Observation_015_Set2_2269_1407.png,star,1.0,138.0,0.0260938380808357,0.7962036335673663,4.759328846135535,4.854565749007127,8.219271588805066,-9.999998052337403,-9.935796269717837,-9.999992834837965
star_Raw_Observation_015_Set2_2323_3399.png,star,0.75,5.5,0.3959710289057112,0.7435648750560788,2.2918029179494592,3.512001707917256,4.914080999713287,9.92909195705357,6.596086534785319,9.0726201945887
star_Raw_Observation_015_Set2_2340_1361.png,star,1.0,38.5,0.04794065190739105,0.7932071587513443,4.225005718199842,4.646646631655808,7.569586475806493,-9.999986400926224,9.981724407513106,9.999910323904453
star_Raw_Observation_015_Set2_3462_1604.png,star,1.0,2.5,0.4603127732212727,0.6673371562650509,2.008568255902872,2.5343320685477764,3.7764645030615234,-7.20251716821979,-4.813282455863059,-7.00476337767043
star_Raw_Observation_015_Set2_4098_2629.png,star,1.0,30.0,0.06352341714794138,0.7931768988937431,3.9804856785657248,4.411825875747682,6.7587676599844935,-9.999973527682048,8.792218439493741,9.998039686786546
star_Raw_Observation_015_Set2_4314_1900.png,star,1.0,94.0,0.0004263795710879395,0.7941524973748538,8.319551947073114,5.212817426581855,7.800298748837774,9.99997877795988,-9.995343620256262,0.0
star_Raw_Observation_015_Set2_963_1559.png,star,1.0,42.5,0.071932897601519,0.7939327795842719,3.8740101249619716,4.444613559834819,6.474916591206378,9.99498354493628,8.400977904938385,9.999999999999977
star_Raw_Observation_016_Set2_1183_3238.png,star,1.1428571428571428,35.0,0.053857234314985646,0.7907056213526878,4.11892257676679,4.6854814863674745,8.031566328080933,-9.99998259633014,9.744199781745191,10.0
star_Raw_Observation_016_Set2_1245_1633.png,star,1.0769230769230769,120.0,0.04221124318291608,0.7959747116630175,4.341092185440457,5.10260150618964,8.18375330554941,-9.999995508481653,-9.903211117055337,9.999995551542984
star_Raw_Observation_016_Set2_1407_2623.png,star,1.0,8.0,0.01620906384384438,0.7851343143004984,5.150746618258819,3.5756949919446894,5.546324230803184,-9.749339534906584,-8.116005814322914,-9.99999999999289
star_Raw_Observation_016_Set2_1445_3590.png,star,1.0,68.5,0.014776787921854965,0.7953893569226551,5.251610882004418,4.352621968048782,7.682239295261557,-9.999915220739933,-9.986499942892573,-9.999985059446198
star_Raw_Observation_016_Set2_1467_894.png,star,1.0,137.0,0.04040090789780837,0.7959760082410067,4.379168727659282,5.192893025191876,8.38851473931431,9.999998963127657,-9.980564509173995,9.999997431748508
star_Raw_Observation_016_Set2_1949_1764.png,star,1.0666666666666667,167.0,0.019810618917274994,0.7967261813046972,4.999651935975298,5.615450179045437,7.943006536442652,9.99999782420148,9.874095501332866,9.999992172234773
star_Raw_Observation_016_Set2_2269_1407.png,star,1.0,137.0,0.012970489389890658,0.7964365991719707,5.366950363613035,5.426378198268586,7.928518470025758,-9.999990138340479,9.991888985198086,9.99999605014729
star_Raw_Observation_016_Set2_2323_3399.png,star,0.75,4.5,0.3581949873010268,0.7593039335979577,2.410368848732163,3.6434833324324107,5.139304148747043,9.975752315859701,-7.102846820284441,9.403859487059613
star_Raw_Observation_016_Set2_2340_1361.png,star,1.0,37.0,0.008836343553768278,0.7935452682359982,5.69452385745637,5.320887868237639,6.971641728289971,9.999669556314823,-9.599301798575283,0.0
star_Raw_Observation_016_Set2_3462_1604.png,star,0.6666666666666666,1.5,0.5458937625581648,0.6866362690511872,1.8990562710061494,2.8024798164483204,3.5564818934357594,6.768167230698225,4.550073666916219,-7.164066073858295
star_Raw_Observation_016_Set2_4098_2629.png,star,1.0,29.0,0.0012614272553307024,0.7939387023323543,7.385097602761091,4.641285457578099,6.880971043345565,-9.999016450522078,-9.897615452313627,9.999907689237787
star_Raw_Observation_016_Set2_4314_1900.png,star,1.0,94.0,0.0004263795710879395,0.7941524973748538,8.319551947073114,5.212817426581855,7.800298748837774,9.99997877795988,-9.995343620256262,0.0
star_Raw_Observation_016_Set2_963_1559.png,star,1.0,43.0,0.047734589133324526,0.7933858193892166,4.229104525684241,4.551235505435546,6.444673098029171,9.999009095203089,8.59367338674972,-9.99517304946074
star_Raw_Observation_017_Set2_1183_3238.png,star,1.0,36.0,0.00294811320755493,0.7916641722237151,6.644048638009383,4.370638930905359,7.863254790476187,9.999955044021405,-9.97273994625026,9.999999999999996
star_Raw_Observation_017_Set2_1245_1633.png,star,1.0769230769230769,122.0,0.022943969441252092,0.796272517848275,4.871204696700656,5.482393714537536,8.164281349839795,-9.999999255978643,-9.904016307181557,9.999995692825483
star_Raw_Observation_017_Set2_1407_2623.png,star,1.0,8.5,0.11775115709231249,0.7795383493034546,3.417146218735581,3.842545026860535,6.13614896720294,9.968636610225916,-7.841754286092392,-9.999999999999183
star_Raw_Observation_017_Set2_1445_3590.png,star,1.0,68.5,0.014776787921854965,0.7953893569226551,5.251610882004418,4.352621968048782,7.682239295261557,-9.999915220739933,-9.986499942892573,-9.999985059446198
star_Raw_Observation_017_Set2_1467_894.png,star,0.9333333333333333,136.0,0.029741419923678163,0.7961053771100948,4.645485437104914,5.313586713636951,8.914905418590541,-9.999999707296656,-9.977989245954472,-9.999999795502347
star_Raw_Observation_017_Set2_1949_1764.png,star,1.0666666666666667,166.0,0.008090875909383672,0.7967110787496886,5.7774050635212575,5.3636196217128855,7.864821332327977,-9.999997020867628,9.935024729978078,9.999986060650143
star_Raw_Observation_017_Set2_2269_1407.png,star,1.0,136.0,0.027286101686996328,0.7966006975506176,4.7213161229470995,5.361190389187159,8.271703734303765,9.999997503411691,9.911343867621829,-9.999997624503418
star_Raw_Observation_017_Set2_2323_3399.png,star,1.0,5.0,0.11538461538463465,0.7611179108343219,3.397939900098312,3.68193645623966,4.636177295316986,8.910696857683607,-6.369809509225488,-8.9073573185888
star_Raw_Observation_017_Set2_2340_1361.png,star,1.0,37.0,0.013348334911041084,0.7920096988569821,5.333155856161395,5.1229275320446295,7.267587646843797,-9.999913536928627,-9.727738783631203,-9.999878447355533
star_Raw_Observation_017_Set2_3462_1604.png,star,1.5,1.5,0.5458937625581356,0.6866362690511872,1.8990562710061958,2.8024798164547935,3.556481893433921,6.7681672306893885,4.550073666907132,7.164066073916496
star_Raw_Observation_017_Set2_4098_2629.png,star,1.0,30.0,0.06352341714794138,0.7931768988937431,3.9804856785657248,4.411825875747682,6.7587676599844935,-9.999973527682048,8.792218439493741,9.998039686786546
star_Raw_Observation_017_Set2_4314_1900.png,star,1.0,94.0,0.0004263795710879395,0.7941524973748538,8.319551947073114,5.212817426581855,7.800298748837774,9.99997877795988,-9.995343620256262,0.0
star_Raw_Observation_017_Set2_963_1559.png,star,1.0,42.0,0.023643331551978824,0.7920661190886215,4.8367119119676865,4.302177328849076,6.937395146542057,9.999736045133048,-9.634088604428628,-9.998828559600915
star_Raw_Observation_018_Set2_1183_3238.png,star,1.0,37.0,0.05699999337430869,0.7898727995127822,4.067995481278809,3.92341748163938,7.069019662705778,9.99906678786957,9.074735948516047,9.99928018102397
star_Raw_Observation_018_Set2_1245_1633.png,star,1.0769230769230769,123.0,0.03367902108012098,0.7960953385872755,4.537470261127452,5.214521518250283,7.960794613832959,-9.99999723576295,-9.84779362390254,9.999988204008217
star_Raw_Observation_018_Set2_1407_2623.png,star,0.8,10.0,0.1858788929499817,0.7702612902688488,3.0020623828913626,3.69213164363635,5.785660317034563,9.910568158135073,7.338612948551151,-9.923589695457473
star_Raw_Observation_018_Set2_1445_3590.png,star,0.9090909090909091,69.5,0.024239696397032235,0.7957360012571889,4.822414765741407,4.701528435255643,8.298137333680698,-9.999993540971213,9.926343058028682,9.999998181178132
star_Raw_Observation_018_Set2_1467_894.png,star,1.0,138.0,0.02609383808083608,0.7962036335673663,4.759328846135522,4.854565749007404,8.21927158880767,-9.999998052337403,-9.935796269719638,9.999992834837965
star_Raw_Observation_018_Set2_1949_1764.png,star,1.0666666666666667,168.0,0.034844835669593344,0.796675085499686,4.509071927789496,5.805234167807983,7.970324908465141,9.999994575034162,9.83395887986018,-9.999997588553372
star_Raw_Observation_018_Set2_2269_1407.png,star,1.0,137.0,0.03174883860728253,0.7962500855059039,4.589042799369952,4.965662362156511,8.510870678086919,9.999998643135457,9.99129105116126,-9.999998107061998
star_Raw_Observation_018_Set2_2323_3399.png,star,1.0,6.5,0.12141792245807495,0.7694748570009674,3.370384017551699,3.2310483467063658,5.276173318448754,-9.548069464509776,7.666644430613661,9.479340015091221
star_Raw_Observation_018_Set2_2340_1361.png,star,1.0,37.5,0.07687899785955443,0.7929801259956357,3.8143445422261504,4.77968418571676,6.655300270211992,-9.999396780988922,-8.55033645730377,9.998265847741338
star_Raw_Observation_018_Set2_3462_1604.png,star,1.0,2.0,0.22033898305087132,0.6885404759050854,2.6908982495898166,2.3140040961169377,3.557172390427335,-6.5918293658460225,-4.985334695348979,6.710308325905537
star_Raw_Observation_018_Set2_3604_3732.png,star,0.6666666666666666,1.0,0.7453559924999215,0.6020599911542569,1.4593924865084973,10.0,10.0,10.0,10.0,10.0
star_Raw_Observation_018_Set2_4098_2629.png,star,1.0,30.0,0.06352341714794138,0.7931768988937431,3.9804856785657248,4.411825875747682,6.7587676599844935,-9.999973527682048,8.792218439493741,9.998039686786546
star_Raw_Observation_018_Set2_4314_1900.png,star,0.9166666666666666,93.0,0.02014876018861314,0.7936301874783261,4.978759584014031,5.518703325629089,8.064082343106607,-9.999994047427364,9.89402730044373,10.0
star_Raw_Observation_018_Set2_963_1559.png,star,1.125,41.5,0.08144387716321617,0.7919311634186599,3.762145195787394,4.562641301201014,7.912934876956199,9.999970444074602,9.662126244332576,9.999993247365271
star_Raw_Observation_019_Set2_1183_3238.png,star,1.0,36.0,0.002948113207541899,0.7916641722237151,6.644048638013221,4.37063893090586,7.863254790492009,9.999955044021407,-9.972739946251346,0.0
star_Raw_Observation_019_Set2_1245_1634.png,star,1.0,122.0,0.023739639806757886,0.7958071713199044,4.840663083456589,5.033379841323524,7.568000281388862,9.999941932232558,-9.705769002642876,-9.99999348777791
star_Raw_Observation_019_Set2_1407_2623.png,star,1.0,8.0,0.01620906384384438,0.7851343143004984,5.150746618258819,3.575694991942736,5.546324230803791,-9.749339534906555,-8.116005814323513,-9.99999999999289
star_Raw_Observation_019_Set2_1445_3590.png,star,1.0,68.5,0.014776787921854965,0.7953893569226551,5.251610882004418,4.352621968048782,7.682239295261557,-9.999915220739933,-9.986499942892573,-9.999985059446198
star_Raw_Observation_019_Set2_1467_894.png,star,1.0,136.0,0.03912648447000751,0.7959415149426204,4.40694026570735,4.830482888203064,8.088521226271459,9.999993860129763,9.93277353755631,9.999989607969646
star_Raw_Observation_019_Set2_1949_1764.png,star,1.0666666666666667,167.0,0.01240521330004422,0.7965107644242252,5.405802001349618,5.021156279438779,7.672423899984534,9.999988743690093,9.858027091499537,9.999960310188126
star_Raw_Observation_019_Set2_2269_1407.png,star,1.0,137.0,0.03901927112590592,0.7963631465527482,4.410166871751999,5.163755187694902,8.05712178259886,9.999996031675835,9.843543956301337,-9.999991724335032
star_Raw_Observation_019_Set2_2323_3399.png,star,1.0,5.0,0.13791057957248118,0.7474166331646956,3.2156380282469392,2.8176161639579496,4.638741941406077,-8.972426036364702,-6.2510840665700735,-8.367926743115783
star_Raw_Observation_019_Set2_2340_1361.png,star,1.0,39.5,0.051038344150253954,0.7937675455027328,4.171741294561233,4.258224363140695,8.026015444944772,-9.999977667334754,-9.755149812365106,-9.999981469946457
star_Raw_Observation_019_Set2_3462_1604.png,star,0.6666666666666666,1.5,0.5458937625582233,0.6866362690511872,1.8990562710060563,2.802479816448582,3.5564818934434768,6.768167230707794,4.550073666921144,7.164066073883186
star_Raw_Observation_019_Set2_3565_3729.png,star,2.0,2.0,0.7453559924999362,0.6020599911542508,1.4593924865084678,10.0,10.0,10.0,10.0,10.0
star_Raw_Observation_019_Set2_4098_2629.png,star,1.0,30.0,0.06352341714794138,0.7931768988937431,3.9804856785657248,4.411825875747682,6.7587676599844935,-9.999973527682048,8.792218439493741,9.998039686786546
star_Raw_Observation_019_Set2_4314_1900.png,star,1.0,94.0,0.0004263795710879395,0.7941524973748538,8.319551947073114,5.212817426581855,7.800298748837774,9.99997877795988,-9.995343620256262,0.0
star_Raw_Observation_019_Set2_963_1559.png,star,1.0,40.5,0.019222947863091627,0.7942945017063162,5.02094447032459,4.423029181752475,8.287554551823666,-9.999991093741055,-9.938700037856776,9.999996422408497
star_Raw_Observation_020_Set2_1183_3238.png,star,1.1428571428571428,35.0,0.053857234314985646,0.7907056213526878,4.11892257676679,4.6854814863674745,8.031566328080933,-9.99998259633014,9.744199781745191,10.0
star_Raw_Observation_020_Set2_1245_1633.png,star,0.9285714285714286,120.0,0.04221124318291494,0.7959747116630177,4.341092185440481,5.102601506189649,8.183753305553692,-9.999995508481653,-9.903211117054811,-9.999995551542984
star_Raw_Observation_020_Set2_1407_2623.png,star,1.0,8.0,0.01620906384384438,0.7851343143004984,5.150746618258819,3.575694991942736,5.546324230803791,-9.749339534906555,-8.116005814323513,9.99999999999289
star_Raw_Observation_020_Set2_1445_3590.png,star,1.0,68.5,0.014776787921854965,0.7953893569226551,5.251610882004418,4.352621968048782,7.682239295261557,-9.999915220739933,-9.986499942892573,-9.999985059446198
star_Raw_Observation_020_Set2_1467_894.png,star,1.0,135.0,0.02504235241740619,0.796252084893363,4.79515121449769,5.123973558756241,8.588046473898558,-9.999999518913654,-9.978788664695038,9.999998608531543
star_Raw_Observation_020_Set2_1949_1764.png,star,1.0666666666666667,167.0,0.009058584673698368,0.7966123298029445,5.679083220482097,5.459322688373324,7.799641638973148,9.999999758180278,9.920202480184512,9.999983986848719
star_Raw_Observation_020_Set2_2269_1407.png,star,1.0,136.0,0.017762606445012524,0.7964468827969156,5.093874988195649,5.133362784056587,8.918047979130856,-9.999999924897448,-9.990035049371643,-9.999999572312348
star_Raw_Observation_020_Set2_2323_3399.png,star,0.75,4.5,0.27225004731149643,0.7370655698535105,2.604195194925078,3.0752900365568596,3.9797770836246915,7.507540429592145,5.283014913337132,8.554704503550528
star_Raw_Observation_020_Set2_2340_1361.png,star,1.0,37.5,0.020620844179162545,0.7925883107837655,4.956559811480664,5.668074529258161,7.852648140501453,9.999991048913806,9.94428626038141,-9.999994561394363
star_Raw_Observation_020_Set2_3462_1604.png,star,1.0,3.0,0.09756097560972049,0.7728224166211736,3.567092404261945,3.110313845538372,5.586142403834766,-9.664930248981365,-7.368689227527515,9.999999999987597
star_Raw_Observation_020_Set2_3526_3726.png,star,1.6666666666666667,6.0,0.5000000000000084,0.732393759588452,2.0668475059082785,10.0,10.0,10.0,-10.0,10.0
star_Raw_Observation_020_Set2_4098_2629.png,star,1.0,29.0,0.030262635430259466,0.794178829434523,4.626542329499328,6.075778026168453,6.890263059274244,-9.999816398228756,9.139448722552993,10.0
star_Raw_Observation_020_Set2_4314_1900.png,star,0.9166666666666666,93.0,0.02014876018861314,0.7936301874783261,4.978759584014031,5.518703325629089,8.064082343106607,-9.999994047427364,9.89402730044373,10.0
star_Raw_Observation_020_Set2_963_1559.png,star,1.0,42.0,0.023643331551978824,0.7920661190886215,4.8367119119676865,4.302177328849076,6.937395146542057,9.999736045133048,-9.634088604428628,-9.998828559600915
star_Raw_Observation_021_Set2_1183_3238.png,star,0.8888888888888888,37.0,0.05112493886201712,0.791946264714213,4.166626289242585,4.6582745005247785,8.142940416214364,-9.999987834992629,-9.799781594924958,-10.0
star_Raw_Observation_021_Set2_1245_1633.png,star,1.0,122.0,0.0389438557499958,0.7961495594149828,4.4114201035982115,5.563983667413006,8.154892922515403,9.999998558918602,-9.848964983982816,9.999996148616587
star_Raw_Observation_021_Set2_1407_2623.png,star,1.0,8.5,0.11775115709231249,0.7795383493034546,3.417146218735581,3.842545026860535,6.13614896720294,9.968636610225916,-7.841754286092392,9.999999999999183
star_Raw_Observation_021_Set2_1445_3590.png,star,0.9090909090909091,69.5,0.024239696397032235,0.7957360012571889,4.822414765741407,4.701528435255643,8.298137333680698,-9.999993540971213,9.926343058028682,9.999998181178132
star_Raw_Observation_021_Set2_1467_894.png,star,1.0,136.0,0.030044729282334582,0.7961790077837336,4.636819543851393,5.633578554682572,8.933148005518513,9.999999868676968,-9.98768228757421,9.9999998104373
star_Raw_Observation_021_Set2_1949_1764.png,star,1.0,165.0,0.003955824839231462,0.7964616557435743,6.39834051836237,5.029678495815158,7.55516778150542,-9.99996514024354,-9.956383591302357,9.999949514340157
star_Raw_Observation_021_Set2_2269_1407.png,star,1.0,136.0,0.027913460688900903,0.7966259182821576,4.701622285698396,5.760613732496392,8.230566538498561,9.999999234896041,9.920330113526694,-9.99999760479166
star_Raw_Observation_021_Set2_2323_3399.png,star,0.75,5.0,0.3720642768850449,0.7452639919215015,2.3492920266561974,3.0904386114057565,4.552482441596448,-8.363791190548024,-5.727106840791844,9.999999999776342
star_Raw_Observation_021_Set2_2340_1361.png,star,1.0,36.5,0.0572489106162257,0.7911231173742407,4.066711274994046,5.047105351514074,6.92253442272601,-9.999841960822385,-9.25471832225857,9.999487212757558
star_Raw_Observation_021_Set2_3462_1604.png,star,1.0,3.0,0.09756097560972049,0.7728224166211736,3.567092404261945,3.110313845538372,5.586142403834766,-9.664930248981365,-7.368689227527515,9.999999999987597
star_Raw_Observation_021_Set2_3487_3724.png,star,1.0,7.0,0.20473505239328788,0.7628094202039875,2.9032343982344417,3.342234890110329,5.4322934470993935,9.755071793640115,7.086088526444043,-9.63601211007925
star_Raw_Observation_021_Set2_4098_2629.png,star,1.0,30.0,0.06352341714794138,0.7931768988937431,3.9804856785657248,4.411825875747682,6.7587676599844935,-9.999973527682048,8.792218439493741,9.998039686786546
star_Raw_Observation_021_Set2_4314_1900.png,star,1.0,94.0,0.0004263795710879395,0.7941524973748538,8.319551947073114,5.212817426581855,7.800298748837774,9.99997877795988,-9.995343620256262,0.0
star_Raw_Observation_021_Set2_963_1559.png,star,1.0,42.0,0.023643331551978824,0.7920661190886215,4.8367119119676865,4.302177328849076,6.937395146542057,9.999736045133048,-9.634088604428628,-9.998828559600915
star_Raw_Observation_022_Set2_1183_3238.png,star,1.0,37.0,0.05699999337431218,0.789872799512784,4.067995481278759,3.923417481639489,7.06901966270872,9.999066787869573,9.074735948517965,-9.999280181023984
star_Raw_Observation_022_Set2_1245_1633.png,star,1.0769230769230769,121.0,0.03543875610091278,0.7959167210114634,4.492875152027819,5.170008998265057,8.283795491727115,9.999996045789016,-9.912955018961542,9.999998858628102
star_Raw_Observation_022_Set2_1407_2623.png,star,1.0,8.5,0.11775115709227349,0.7795383493034506,3.4171462187358608,3.8425450268590104,6.136148967195816,9.968636610225118,-7.841754286085456,0.0
star_Raw_Observation_022_Set2_1445_3590.png,star,1.0,68.5,0.014776787921854965,0.7953893569226551,5.251610882004418,4.352621968048782,7.682239295261557,-9.999915220739933,-9.986499942892573,-9.999985059446198
star_Raw_Observation_022_Set2_1467_894.png,star,1.0,136.0,0.030044729282334582,0.7961790077837336,4.636819543851393,5.633578554682572,8.933148005518513,9.999999868676968,-9.98768228757421,9.9999998104373
star_Raw_Observation_022_Set2_1949_1764.png,star,1.0666666666666667,166.0,0.01568564333158167,0.79683237906844,5.202653162204136,6.2379725774666115,8.068489799428544,-9.999998061175583,9.93490224475936,9.999998327289212
star_Raw_Observation_022_Set2_2269_1407.png,star,1.0,138.0,0.030780166389640037,0.7964931368287385,4.6164425521545045,4.918353220022721,7.966083548016477,9.999989907952873,9.856883092261251,-9.999986660304739
star_Raw_Observation_022_Set2_2323_3399.png,star,0.75,5.5,0.3959710289057112,0.7435648750560788,2.2918029179494592,3.512001707917256,4.914080999713287,9.92909195705357,6.596086534785319,9.0726201945887
star_Raw_Observation_022_Set2_2340_1361.png,star,1.0,37.5,0.020620844179162545,0.7925883107837655,4.956559811480664,5.668074529258161,7.852648140501453,9.999991048913806,9.94428626038141,-9.999994561394363
star_Raw_Observation_022_Set2_3456_3722.png,star,1.0,7.0,0.20473505239328788,0.7628094202039875,2.9032343982344417,3.342234890110329,5.4322934470993935,9.755071793640115,7.086088526444043,-9.63601211007925
star_Raw_Observation_022_Set2_3462_1604.png,star,1.5,1.0,0.7453559924999299,0.6020599911542692,1.4593924865085122,10.0,10.0,10.0,10.0,10.0
star_Raw_Observation_022_Set2_4098_2629.png,star,1.0,30.0,0.06352341714794138,0.7931768988937431,3.9804856785657248,4.411825875747682,6.7587676599844935,-9.999973527682048,8.792218439493741,9.998039686786546
star_Raw_Observation_022_Set2_4314_1900.png,star,1.0,94.0,0.0004263795710879395,0.7941524973748538,8.319551947073114,5.212817426581855,7.800298748837774,9.99997877795988,-9.995343620256262,0.0
star_Raw_Observation_022_Set2_963_1559.png,star,1.0,43.0,0.04515051426297599,0.7904707713421677,4.27161532895496,4.095540533868722,6.506562707585713,-9.993587446461316,-9.103740806407211,-9.998012760476522
star_Raw_Observation_023_Set3_1183_3238.png,star,1.1428571428571428,35.0,0.053857234314985646,0.7907056213526878,4.11892257676679,4.6854814863674745,8.031566328080933,-9.99998259633014,9.744199781745191,10.0
star_Raw_Observation_023_Set3_1245_1633.png,star,1.0,121.0,0.01998150083417043,0.795143383636453,4.98902632223635,4.663140441560766,7.233303425789454,9.999750149390415,-9.839535090302446,-9.999862635186398
star_Raw_Observation_023_Set3_1407_2623.png,star,1.25,9.5,0.16532044862432785,0.7742222874967412,3.1117913690486456,3.441896867966689,5.288675111472733,9.918585130495392,-7.267661165769019,9.493667225034123
star_Raw_Observation_023_Set3_1445_3590.png,star,1.0,68.5,0.014776787921854965,0.7953893569226551,5.251610882004418,4.352621968048782,7.682239295261557,-9.999915220739933,-9.986499942892573,-9.999985059446198
star_Raw_Observation_023_Set3_1467_894.png,star,1.0,137.0,0.04040090789780837,0.7959760082410067,4.379168727659282,5.192893025191876,8.38851473931431,9.999998963127657,-9.980564509173995,9.999997431748508
star_Raw_Observation_023_Set3_1949_1764.png,star,1.0666666666666667,166.0,0.008090875909383672,0.7967110787496886,5.7774050635212575,5.3636196217128855,7.864821332327977,-9.999997020867628,9.935024729978078,9.999986060650143
star_Raw_Observation_023_Set3_2268_1407.png,star,1.0,136.0,0.027913460688901427,0.7966259182821567,4.701622285698377,5.760613732495439,8.230566538504599,9.999999234896041,9.920330113526774,-9.99999760479166
star_Raw_Observation_023_Set3_2323_3399.png,star,1.0,5.0,0.1264562340255911,0.7161964060845867,3.228512251099416,2.8720235965052976,4.714715245770762,-8.53286923721664,6.423291791708555,-8.862964174804274
star_Raw_Observation_023_Set3_2340_1361.png,star,1.0,37.5,0.0768789978595509,0.7929801259956357,3.8143445422261903,4.779684185715671,6.655300270215148,-9.999396780988933,-8.550336457306953,-9.998265847741353
star_Raw_Observation_023_Set3_3462_1604.png,star,2.0,2.0,0.7453559924999468,0.6020599911542569,1.4593924865084678,10.0,10.0,10.0,-10.0,-10.0
star_Raw_Observation_023_Set3_4097_2628.png,star,1.0,28.0,0.0,0.7962494722047758,0.0,10.0,10.0,10.0,0.0,0.0
star_Raw_Observation_023_Set3_4313_1899.png,star,1.0,92.0,0.0,0.793186022014362,0.0,10.0,10.0,10.0,0.0,0.0
star_Raw_Observation_023_Set3_963_1559.png,star,1.0,42.0,0.023643331551978824,0.7920661190886215,4.8367119119676865,4.302177328849076,6.937395146542057,9.999736045133048,-9.634088604428628,-9.998828559600915
star_Raw_Observation_024_Set3_1183_3238.png,star,0.8888888888888888,37.0,0.05112493886201712,0.791946264714213,4.166626289242585,4.6582745005247785,8.142940416214364,-9.999987834992629,-9.799781594924958,-10.0
star_Raw_Observation_024_Set3_1245_1633.png,star,1.0,124.0,0.005556869179440852,0.7959836085105341,6.102251910041812,5.393663421183793,7.526783271169699,9.999955935458301,-9.995942908741831,-9.999993647575158
star_Raw_Observation_024_Set3_1407_2623.png,star,1.0,9.0,0.0,0.778151250123067,0.0,0.0,0.0,0.0,0.0,0.0
star_Raw_Observation_024_Set3_1445_3590.png,star,1.0,68.5,0.014776787921854965,0.7953893569226551,5.251610882004418,4.352621968048782,7.682239295261557,-9.999915220739933,-9.986499942892573,-9.999985059446198
star_Raw_Observation_024_Set3_1467_894.png,star,1.0,136.0,0.030044729282334582,0.7961790077837336,4.636819543851393,5.633578554682572,8.933148005518513,9.999999868676968,-9.98768228757421,9.9999998104373
star_Raw_Observation_024_Set3_1949_1764.png,star,1.0666666666666667,166.0,0.009121493901517801,0.7966254753888553,5.6730985476998335,5.263063889425294,7.758766786667629,-9.99999374282389,9.902682854190033,9.99997772339892
star_Raw_Observation_024_Set3_2269_1407.png,star,1.0,137.0,0.0388339953994502,0.7964235635078897,4.414421850169104,5.306185634347951,8.094226562803845,9.999995213303805,9.832275300255858,-9.99999511078427
star_Raw_Observation_024_Set3_2323_3399.png,star,1.0,3.5,0.22830188679242433,0.7652607596283434,2.8135024900639234,3.2571380221852246,6.342598626216627,-9.969801377797625,-7.747013202116245,0.0
star_Raw_Observation_024_Set3_2340_1361.png,star,1.0,37.0,0.06581708520821707,0.7901371341674828,3.9435965972484763,4.2403285266362625,6.514416342831015,-9.994858314956543,-8.505445215323952,9.997940338862369
star_Raw_Observation_024_Set3_3462_1604.png,star,1.5,1.5,0.5458937625581356,0.6866362690511872,1.8990562710061958,2.8024798164547935,3.556481893433921,6.7681672306893885,4.550073666907132,7.164066073916496
star_Raw_Observation_024_Set3_4098_2629.png,star,1.0,29.5,0.09634994790441827,0.7932677818378159,3.618832415312664,4.26657183812141,6.745308287549155,9.997573617269223,8.539652859419133,0.0
star_Raw_Observation_024_Set3_4314_1900.png,star,0.9166666666666666,93.0,0.02014876018861314,0.7936301874783261,4.978759584014031,5.518703325629089,8.064082343106607,-9.999994047427364,9.89402730044373,10.0
star_Raw_Observation_024_Set3_963_1559.png,star,1.0,40.5,0.09417814344112174,0.7914001036410866,3.634899770800218,4.606952208232193,7.14582588208387,9.99984947963756,8.926187606408773,9.999616904498751
star_Raw_Observation_025_Set3_1183_3238.png,star,1.0,39.0,0.057910297603208004,0.7893108010918607,4.053109518340553,3.6708076270970924,7.043978832483721,-9.999983629170778,-9.061637854534089,9.99828283369555
star_Raw_Observation_025_Set3_1245_1633.png,star,1.0,122.0,0.030677766808532254,0.7962752192523076,4.618901149354135,5.5579643530760965,8.639185539647343,-9.999999696471084,-9.978632847180394,9.999999321813865
star_Raw_Observation_025_Set3_1407_2623.png,star,1.0,8.5,0.11775115709231249,0.7795383493034546,3.417146218735581,3.842545026860535,6.13614896720294,9.968636610225916,-7.841754286092392,9.999999999999183
star_Raw_Observation_025_Set3_1445_3590.png,star,1.0,68.5,0.014776787921854965,0.7953893569226551,5.251610882004418,4.352621968048782,7.682239295261557,-9.999915220739933,-9.986499942892573,-9.999985059446198
star_Raw_Observation_025_Set3_1467_894.png,star,1.0,135.0,0.04437010813861491,0.7958273720449048,4.297472908771363,6.09055970303161,9.085227582121055,9.999999990605717,9.989426833166851,9.999999924706168
star_Raw_Observation_025_Set3_1949_1764.png,star,1.0,167.0,0.018209176040825992,0.7968461144572857,5.073106501167307,6.204336307543442,7.998819307496416,9.999996605168738,9.89112015024532,9.999999986969646
star_Raw_Observation_025_Set3_2269_1407.png,star,1.0,136.0,0.034168898421851245,0.7962150028797742,4.5251665955753015,5.331755535992394,8.84013261725946,9.999999657348143,9.982868459349616,-9.999999689563934
star_Raw_Observation_025_Set3_2323_3399.png,star,0.75,5.0,0.3720642768850449,0.7452639919215015,2.3492920266561974,3.0904386114057565,4.552482441596448,-8.363791190548024,-5.727106840791844,9.999999999776342
star_Raw_Observation_025_Set3_2340_1361.png,star,1.0,39.5,0.04904402900673244,0.7919378960288835,4.202702818748591,4.186666707868322,7.182544003310465,9.999479945201655,9.230153856230258,-9.999725523998555
star_Raw_Observation_025_Set3_3462_1604.png,star,0.75,3.5,0.38875681172333276,0.7186846176127075,2.2580132043584102,2.8961417527029907,3.920935598901005,7.367026375407566,5.050640970790751,7.72146544103019
star_Raw_Observation_025_Set3_4098_2629.png,star,1.0,29.5,0.09634994790441827,0.7932677818378159,3.618832415312664,4.26657183812141,6.745308287549155,9.997573617269223,8.539652859419133,0.0
star_Raw_Observation_025_Set3_4314_1900.png,star,0.9166666666666666,93.0,0.02014876018861314,0.7936301874783261,4.978759584014031,5.518703325629089,8.064082343106607,-9.999994047427364,9.89402730044373,10.0
star_Raw_Observation_025_Set3_963_1559.png,star,1.0,41.0,0.0699424196307204,0.7910615554793873,3.8926414673564405,4.856992369559542,6.986743397385817,9.999709628864455,9.37996616331699,-9.999550679566244
star_Raw_Observation_026_Set3_1183_3238.png,star,1.0,36.0,0.00294811320755493,0.7916641722237151,6.644048638009383,4.370638930905359,7.863254790476187,9.999955044021405,-9.97273994625026,9.999999999999996
star_Raw_Observation_026_Set3_1245_1633.png,star,1.0,125.0,0.022070192613864826,0.7959708230648522,4.904325915582009,5.267628159053265,7.6262546334035815,9.999979609082223,9.940062605094564,9.999969775837746
star_Raw_Observation_026_Set3_1407_2623.png,star,0.8,9.5,0.2613437566255649,0.7707225816380033,2.707020882717136,4.792119563895527,5.655683045457881,-9.970816149005774,-7.769902331265691,9.953836787654689
star_Raw_Observation_026_Set3_1445_3590.png,star,1.0,68.5,0.014776787921854965,0.7953893569226551,5.251610882004418,4.352621968048782,7.682239295261557,-9.999915220739933,-9.986499942892573,-9.999985059446198
star_Raw_Observation_026_Set3_1467_894.png,star,0.9333333333333333,140.0,0.005864603873190031,0.7964260639898634,6.0563253164348145,5.29207157995816,8.620263795490454,-9.999999220150677,-9.99107547933305,9.99999925224365
star_Raw_Observation_026_Set3_1949_1764.png,star,1.0666666666666667,166.0,0.01568564333158167,0.79683237906844,5.202653162204136,6.2379725774666115,8.068489799428544,-9.999998061175583,9.93490224475936,9.999998327289212
star_Raw_Observation_026_Set3_2269_1407.png,star,1.0,139.0,0.019244558337294063,0.7964519255223951,5.024283361899283,4.739614813127005,7.857771598618477,-9.999994838401623,9.984237036931196,-9.99997048447638
star_Raw_Observation_026_Set3_2323_3399.png,star,1.0,5.5,0.14690822213812474,0.7607750214424829,3.187457770511594,3.609758607815769,4.985218900560049,9.272409496703782,-7.041728719535711,-9.40991075481541
star_Raw_Observation_026_Set3_2340_1361.png,star,1.0,38.5,0.06832698990568267,0.7910694052816429,3.912953878430458,4.724455252855517,7.717088524516869,9.999950284360038,9.507319665155432,0.0
star_Raw_Observation_026_Set3_3462_1604.png,star,1.5,1.5,0.5458937625581356,0.6866362690511872,1.8990562710061958,2.8024798164547935,3.556481893433921,6.7681672306893885,4.550073666907132,7.164066073916496
star_Raw_Observation_026_Set3_4098_2629.png,star,1.0,31.0,0.009255617002567858,0.7926729745545881,5.6525156868704745,3.931700656309457,6.580139436122898,-9.993714636868528,-9.307921995378491,9.999999999999948
star_Raw_Observation_026_Set3_4314_1900.png,star,1.0,96.0,0.0016655181457802192,0.7941240384328873,7.1445431197016305,4.625442175835743,7.956558709415559,9.999976964060396,-9.987717307777585,-9.999992498452576
star_Raw_Observation_026_Set3_963_1559.png,star,1.0,42.0,0.03439544969509935,0.7917756851789428,4.510547979965009,4.104217615067791,6.9435227286301355,-9.99860856954871,9.151575453757937,-9.999506676893771
star_Raw_Observation_027_Set3_1183_3238.png,star,1.0,36.0,0.00294811320755493,0.7916641722237151,6.644048638009383,4.370638930905359,7.863254790476187,9.999955044021405,-9.97273994625026,9.999999999999996
star_Raw_Observation_027_Set3_1245_1634.png,star,1.0,123.0,0.013236448430015304,0.7958373101072783,5.348121996060099,5.002197279981774,7.627386017719119,9.99996116160045,-9.83871595033771,9.999969639646562
star_Raw_Observation_027_Set3_1407_2623.png,star,1.0,8.5,0.11775115709227349,0.7795383493034506,3.4171462187358608,3.8425450268590104,6.136148967195816,9.968636610225118,-7.841754286085456,0.0
star_Raw_Observation_027_Set3_1445_3590.png,star,1.0,68.5,0.014776787921854965,0.7953893569226551,5.251610882004418,4.352621968048782,7.682239295261557,-9.999915220739933,-9.986499942892573,-9.999985059446198
star_Raw_Observation_027_Set3_1467_894.png,star,1.0,136.0,0.030044729282334582,0.7961790077837336,4.636819543851393,5.633578554682572,8.933148005518513,9.999999868676968,-9.98768228757421,9.9999998104373
star_Raw_Observation_027_Set3_1949_1764.png,star,1.0666666666666667,168.0,0.030175559978150517,0.796805862624665,4.63429917835777,6.159265706954593,8.180661693298816,9.999998217524238,9.91093905550237,9.999999362308515
star_Raw_Observation_027_Set3_2269_1407.png,star,1.0,136.0,0.010330264832148835,0.7969885380936189,5.565738187502465,5.448841995832287,9.129581721743234,-9.999999900238297,-9.99659604109347,-9.999999911656419
star_Raw_Observation_027_Set3_2323_3399.png,star,0.75,5.0,0.4758637210291771,0.7367585649885323,2.118551932240846,10.0,10.0,10.0,10.0,0.0
star_Raw_Observation_027_Set3_2340_1361.png,star,1.0,37.5,0.07834435095296693,0.7917887424671118,3.7955618402828843,4.563182090528531,7.092774324133172,-9.999758643506846,-8.963235099593337,-9.999539387055629
star_Raw_Observation_027_Set3_3462_1604.png,star,1.0,2.5,0.30412371134020144,0.7633507922652956,2.5606010058203443,3.629601705415046,5.993847553447021,9.936874772933658,7.273375115810026,-9.999999999993022
star_Raw_Observation_027_Set3_4098_2629.png,star,1.0,29.0,0.030262635430259466,0.794178829434523,4.626542329499328,6.075778026168453,6.890263059274244,-9.999816398228756,9.139448722552993,10.0
star_Raw_Observation_027_Set3_4314_1900.png,star,1.0,94.0,0.0004263795710879395,0.7941524973748538,8.319551947073114,5.212817426581855,7.800298748837774,9.99997877795988,-9.995343620256262,0.0
star_Raw_Observation_027_Set3_963_1559.png,star,1.0,41.5,0.046987326015076075,0.7926405010464739,4.241318784384746,4.114747342023939,7.140365058059705,9.999319377116128,9.245379655985747,9.999712091189153
star_Raw_Observation_028_Set3_1183_3238.png,star,1.0,37.0,0.052555221687496836,0.7905780497690377,4.1399237559648165,4.218217090140708,7.713910854863818,9.999969366191348,9.880692502791144,-9.999915341441032
star_Raw_Observation_028_Set3_1245_1633.png,star,1.0,122.0,0.034424845125108246,0.7960882386485053,4.518431054791778,5.530590000277166,8.08302086378764,9.999999335886418,-9.83962270603589,9.999994544700467
star_Raw_Observation_028_Set3_1407_2623.png,star,1.25,10.0,0.18587889294998425,0.7702612902688517,3.002062382891357,3.692131643635874,5.785660317034908,9.91056815813318,7.3386129485472775,9.9235896954599
star_Raw_Observation_028_Set3_1445_3590.png,star,1.0,68.5,0.014776787921854965,0.7953893569226551,5.251610882004418,4.352621968048782,7.682239295261557,-9.999915220739933,-9.986499942892573,-9.999985059446198
star_Raw_Observation_028_Set3_1467_894.png,star,1.0,137.0,0.025883996452051843,0.7958692054366481,4.765673216202872,4.85633337517762,7.874339259261813,-9.999986396972847,-9.917669108795426,9.99997934890101
star_Raw_Observation_028_Set3_1949_1764.png,star,1.0666666666666667,167.0,0.019810618917274994,0.7967261813046972,4.999651935975298,5.615450179045437,7.943006536442652,9.99999782420148,9.874095501332866,9.999992172234773
star_Raw_Observation_028_Set3_2269_1407.png,star,1.0,136.0,0.027208469290733412,0.7965743974906315,4.723738277234823,5.518154475721001,8.16662853800859,-9.999999634826025,9.938831815131786,-9.999995855771893
star_Raw_Observation_028_Set3_2323_3399.png,star,0.75,5.0,0.3720642768850449,0.7452639919215015,2.3492920266561974,3.0904386114057565,4.552482441596448,-8.363791190548024,-5.727106840791844,9.999999999776342
star_Raw_Observation_028_Set3_2340_1361.png,star,1.0,37.0,0.10222899045432322,0.7922945290692484,3.5654407549830585,5.051351105816695,6.574690319345609,-9.998418773521061,-8.36658123754391,-9.999194307004146
star_Raw_Observation_028_Set3_3462_1604.png,star,1.0,1.0,0.0,0.7781512501230916,0.0,10.0,10.0,-10.0,0.0,-10.0
star_Raw_Observation_028_Set3_4098_2629.png,star,1.0,29.5,0.09634994790441827,0.7932677818378159,3.618832415312664,4.26657183812141,6.745308287549155,9.997573617269223,8.539652859419133,0.0
star_Raw_Observation_028_Set3_4314_1900.png,star,0.9166666666666666,92.0,0.03510870691595322,0.7937627180682559,4.496694405091494,6.70800974957356,8.027206719884619,9.9999986137498,9.837580342053958,-9.999998979425062
star_Raw_Observation_028_Set3_963_1559.png,star,1.0,41.5,0.026303738210617492,0.7959830312062427,4.751928662777309,5.2291647853538,7.208192476106855,9.999838019936975,9.443688290487978,-9.999993837207782
star_Raw_Observation_029_Set3_1183_3238.png,star,1.0,36.0,0.002948113207541899,0.7916641722237151,6.644048638013221,4.37063893090586,7.863254790492009,9.999955044021407,-9.972739946251346,0.0
star_Raw_Observation_029_Set3_1245_1633.png,star,1.0769230769230769,120.0,0.037290608919265875,0.7958731230654917,4.448546076705969,4.9196351995844925,8.141765237495239,9.999999494194462,-9.852334210623324,9.999990973078575
star_Raw_Observation_029_Set3_1407_2623.png,star,1.0,8.5,0.11775115709227572,0.7795383493034588,3.4171462187358608,3.842545026861883,6.13614896720924,9.968636610226623,-7.841754286098788,0.0
star_Raw_Observation_029_Set3_1445_3590.png,star,1.0,69.5,0.04354020744650541,0.7948356944475968,4.311889511058122,4.758664178212804,7.949802201460019,9.999990970062536,-9.752121167362287,9.999980734244089
star_Raw_Observation_029_Set3_1467_894.png,star,0.9333333333333333,139.0,0.005126485006897662,0.7963038294694931,6.172903603775734,4.9192559451850855,8.47985229381179,9.999998394122784,9.990803167151837,9.99999777481709
star_Raw_Observation_029_Set3_1949_1764.png,star,1.0666666666666667,166.0,0.019242987445474903,0.796816917339929,5.025084240996499,6.031410073669736,8.052006798537857,-9.999996690159115,9.942867745839468,-9.999999059759734
star_Raw_Observation_029_Set3_2269_1407.png,star,1.0,136.0,0.027913460688900903,0.7966259182821576,4.701622285698396,5.760613732496392,8.230566538498561,9.999999234896041,9.920330113526694,-9.99999760479166
star_Raw_Observation_029_Set3_2323_3399.png,star,0.75,5.5,0.3959710289057112,0.7435648750560788,2.2918029179494592,3.5120017079161863,4.914080999716719,9.929091957046358,6.59608653478557,-9.072620194592792
star_Raw_Observation_029_Set3_2340_1361.png,star,1.0,39.5,0.051038344150253954,0.7937675455027328,4.171741294561233,4.258224363140695,8.026015444944772,-9.999977667334754,-9.755149812365106,9.999981469946457
star_Raw_Observation_029_Set3_3462_1604.png,star,1.0,2.0,0.22033898305087132,0.6885404759050854,2.6908982495898166,2.3140040961176855,3.5571723904270374,-6.591829365844792,-4.985334695348,-6.710308325907462
star_Raw_Observation_029_Set3_4098_2629.png,star,1.0,29.0,0.0012614272553307024,0.7939387023323543,7.385097602761091,4.641285457578099,6.880971043345565,-9.999016450522078,-9.897615452313627,9.999907689237787
star_Raw_Observation_029_Set3_4314_1900.png,star,1.0,94.0,0.0004263795710879395,0.7941524973748538,8.319551947073114,5.212817426581855,7.800298748837774,9.99997877795988,-9.995343620256262,0.0
star_Raw_Observation_029_Set3_963_1559.png,star,1.0,42.0,0.023643331551978824,0.7920661190886215,4.8367119119676865,4.302177328849076,6.937395146542057,9.999736045133048,-9.634088604428628,-9.998828559600915
star_Raw_Observation_030_Set3_1183_3238.png,star,1.0,37.0,0.05699999337431218,0.789872799512784,4.067995481278759,3.923417481639489,7.06901966270872,9.999066787869573,9.074735948517965,-9.999280181023984
star_Raw_Observation_030_Set3_1245_1633.png,star,1.0,125.0,0.007708086330419468,0.7960521476062793,5.818182580887459,5.28294320401891,7.817254058045483,9.999991350459378,-9.953787884882768,9.999983696744506
star_Raw_Observation_030_Set3_1407_2623.png,star,0.8,10.0,0.1858788929499817,0.7702612902688488,3.0020623828913626,3.69213164363635,5.785660317034563,9.910568158135073,7.338612948551151,-9.923589695457473
star_Raw_Observation_030_Set3_1445_3590.png,star,1.0,68.5,0.014776787921854965,0.7953893569226551,5.251610882004418,4.352621968048782,7.682239295261557,-9.999915220739933,-9.986499942892573,-9.999985059446198
star_Raw_Observation_030_Set3_1467_894.png,star,1.0,137.0,0.01407792631123353,0.7965620433970001,5.296038125379631,4.707890049519091,8.047669008299984,-9.999994031886025,9.936275000027413,9.99998511910348
star_Raw_Observation_030_Set3_1949_1764.png,star,1.0666666666666667,167.0,0.008136805015848044,0.7965819744425418,5.772230425796867,5.408353519042087,7.746138513774829,-9.999992364316851,9.970525990158752,9.999981026403157
star_Raw_Observation_030_Set3_2269_1407.png,star,1.0,138.0,0.030780166389640037,0.7964931368287385,4.6164425521545045,4.918353220022721,7.966083548016477,9.999989907952873,9.856883092261251,-9.999986660304739
star_Raw_Observation_030_Set3_2323_3399.png,star,1.0,6.0,0.09756097560973921,0.7728224166211736,3.5670924042617784,3.110313845538938,5.586142403844569,-9.664930248989425,-7.368689227537213,0.0
star_Raw_Observation_030_Set3_2340_1361.png,star,1.0,39.5,0.04904402900673244,0.7919378960288835,4.202702818748591,4.186666707868322,7.182544003310465,9.999479945201655,9.230153856230258,9.999725523998555
star_Raw_Observation_030_Set3_3462_1604.png,star,1.0,3.0,0.09756097560972049,0.7728224166211736,3.567092404261945,3.1103138455371155,5.586142403848503,-9.664930248992107,-7.3686892275412195,-9.999999999973078
star_Raw_Observation_030_Set3_4098_2629.png,star,1.0,29.5,0.09634994790441827,0.7932677818378159,3.618832415312664,4.26657183812141,6.745308287549155,9.997573617269223,8.539652859419133,0.0
star_Raw_Observation_030_Set3_4314_1900.png,star,0.9166666666666666,93.0,0.02014876018861314,0.7936301874783261,4.978759584014031,5.518703325629089,8.064082343106607,-9.999994047427364,9.89402730044373,10.0
star_Raw_Observation_030_Set3_963_1559.png,star,1.125,42.5,0.0704378705381002,0.7916857629781285,3.88775875510851,4.493242193881228,7.393386026997433,-9.99998715474337,-9.61204874526857,-9.99980117711602
star_Raw_Observation_031_Set3_1183_3238.png,star,1.1428571428571428,36.0,0.10373287632570914,0.7886482428165492,3.5454634931431297,4.181789405437261,7.36832792654894,9.999892910131198,9.228800690592058,9.999708035317878
star_Raw_Observation_031_Set3_1245_1633.png,star,1.0,122.0,0.0389438557499958,0.7961495594149828,4.4114201035982115,5.563983667413006,8.154892922515403,9.999998558918602,-9.848964983982816,9.999996148616587
star_Raw_Observation_031_Set3_1407_2623.png,star,1.0,8.0,0.24999999999998934,0.7781512501230731,2.7604224584079,10.0,10.0,10.0,10.0,0.0
star_Raw_Observation_031_Set3_1445_3590.png,star,1.0,69.0,0.003212652909922351,0.795524374905147,6.577157067375223,4.493449209952744,7.627714149602107,-9.999911554982623,-9.950502958624087,-9.999999999999998
star_Raw_Observation_031_Set3_1467_894.png,star,0.9333333333333333,138.0,0.01656540371702301,0.7963429903633604,5.154275736800877,6.5417870177880575,9.033268990845828,-9.999999965776402,-9.993190490572498,9.99999995660087
star_Raw_Observation_031_Set3_1949_1764.png,star,1.0666666666666667,167.0,0.01929001733831788,0.7967016569207157,5.022733502030009,5.99356867237039,7.893287721315721,-9.999999098618256,9.888631323631236,9.999993814632576
star_Raw_Observation_031_Set3_2269_1407.png,star,1.0,135.0,0.027420532247236135,0.7963481581204973,4.716542294794754,5.7624038438760055,9.190781328958757,9.999999965979864,9.989934452355177,9.999999935935703
star_Raw_Observation_031_Set3_2323_3399.png,star,0.75,4.5,0.3581949873010268,0.7593039335979577,2.410368848732163,3.6434833324324107,5.139304148747043,9.975752315859701,-7.102846820284441,9.403859487059613
star_Raw_Observation_031_Set3_2340_1361.png,star,1.0,39.5,0.025167840732485524,0.792695062785005,4.783695572896963,4.801732342263452,7.1125419812636705,9.999646723927375,9.637168833402798,9.999893235509388
star_Raw_Observation_031_Set3_3462_1604.png,star,1.0,2.5,0.46031277322120817,0.6673371562650509,2.008568255902994,2.5343320685481596,3.776464503058342,-7.202517168215252,-4.813282455860236,7.0047633776658405
star_Raw_Observation_031_Set3_4098_2629.png,star,1.0,30.0,0.06352341714794138,0.7931768988937431,3.9804856785657248,4.411825875747682,6.7587676599844935,-9.999973527682048,8.792218439493741,9.998039686786546
star_Raw_Observation_031_Set3_4314_1900.png,star,0.9166666666666666,93.0,0.02014876018861314,0.7936301874783261,4.978759584014031,5.518703325629089,8.064082343106607,-9.999994047427364,9.89402730044373,10.0
star_Raw_Observation_031_Set3_963_1559.png,star,1.0,42.0,0.06327885444130016,0.7897962348081035,3.977074841428338,4.290904805299008,6.520453264339183,-9.994884649126965,-8.4953310626756,9.999999999999995
star_Raw_Observation_032_Set3_1183_3238.png,star,0.8888888888888888,37.0,0.06252948612807262,0.7900387241363387,3.9879073071769717,4.570557097094368,7.087115256364045,9.999777875466306,-9.046236237850847,-9.999523423270336
star_Raw_Observation_032_Set3_1245_1634.png,star,1.0,121.0,0.03989386898621885,0.7962094471325462,4.390605513074945,5.628410839248468,8.496007895563952,9.99999885496512,-9.921840503392724,10.0
star_Raw_Observation_032_Set3_1407_2623.png,star,1.25,9.5,0.261343756625558,0.7707225816379969,2.707020882717146,4.792119563895089,5.655683045461445,-9.970816149006904,-7.769902331303164,-9.953836787654732
star_Raw_Observation_032_Set3_1445_3590.png,star,1.0,68.0,0.005188209767110309,0.7953032970275628,6.160508687936931,4.249288204840756,7.742862786676498,-9.999921441579174,-9.93951687824662,-10.0
star_Raw_Observation_032_Set3_1467_894.png,star,1.0,137.0,0.017448036525899907,0.7963856918387113,5.109272675293906,5.120512305030267,8.56276539696499,-9.999998691458867,-9.97057454611554,9.99999904740426
star_Raw_Observation_032_Set3_1949_1764.png,star,1.0666666666666667,166.0,0.003858868257997646,0.7966144789578735,6.420194757127463,5.078697350587146,7.785636810922507,-9.99999861789109,-9.994026339955914,9.999973976577955
star_Raw_Observation_032_Set3_2269_1407.png,star,1.0,139.0,0.019244558337294063,0.7964519255223951,5.024283361899283,4.739614813127005,7.857771598618477,-9.999994838401623,9.984237036931196,-9.99997048447638
star_Raw_Observation_032_Set3_2323_3399.png,star,0.75,5.5,0.3959710289057112,0.7435648750560788,2.2918029179494592,3.5120017079161863,4.914080999716719,9.929091957046358,6.59608653478557,-9.072620194592792
star_Raw_Observation_032_Set3_2340_1361.png,star,1.0,38.5,0.021486474971641325,0.7913909674181675,4.918447992248127,4.502076154952598,6.603098285798605,9.999987509920285,-9.076518195708548,9.996977813858225
star_Raw_Observation_032_Set3_3462_1604.png,star,1.5,2.0,0.6000000000000136,0.6812412371671357,1.8061799712044024,10.0,10.0,10.0,10.0,10.0
star_Raw_Observation_032_Set3_4098_2629.png,star,1.0,29.5,0.09634994790441827,0.7932677818378159,3.618832415312664,4.26657183812141,6.745308287549155,9.997573617269223,8.539652859419133,0.0
star_Raw_Observation_032_Set3_4314_1900.png,star,1.0,91.0,0.022047221306983396,0.7933030596721058,4.899894947961581,5.384799874933449,8.76108789968636,9.999999419057636,-9.975551646173953,-9.999999962440448
star_Raw_Observation_032_Set3_963_1559.png,star,1.0,42.0,0.03439544969509935,0.7917756851789428,4.510547979965009,4.104217615067791,6.9435227286301355,-9.99860856954871,9.151575453757937,-9.999506676893771
star_Raw_Observation_033_Set3_1183_3238.png,star,0.8888888888888888,38.0,0.028067807208634308,0.7911348551651104,4.685850634411061,4.14634878876388,7.485816241249304,9.999868756985494,-9.769285659446743,9.99982884745437
star_Raw_Observation_033_Set3_1245_1633.png,star,1.0769230769230769,121.0,0.046857408503318765,0.7958503262490529,4.250143348835043,5.02070981709533,7.921388631794144,-9.999986290605635,-9.736038251782087,9.999989328550425
star_Raw_Observation_033_Set3_1407_2623.png,star,1.0,8.0,0.01620906384384438,0.7851343143004984,5.150746618258819,3.575694991942736,5.546324230803791,-9.749339534906555,-8.116005814323513,9.99999999999289
star_Raw_Observation_033_Set3_1445_3590.png,star,1.0,69.0,0.003212652909922351,0.795524374905147,6.577157067375223,4.493449209952744,7.627714149602107,-9.999911554982623,-9.950502958624087,-9.999999999999998
star_Raw_Observation_033_Set3_1467_894.png,star,1.0,135.0,0.02504235241740619,0.796252084893363,4.79515121449769,5.123973558756241,8.588046473898558,-9.999999518913654,-9.978788664695038,9.999998608531543
star_Raw_Observation_033_Set3_1949_1764.png,star,1.0666666666666667,169.0,0.03954142828539656,0.796531434895915,4.398957077020445,5.288017899441813,8.495339707904115,9.9999983151577,9.942320135840786,-9.999999785376042
star_Raw_Observation_033_Set3_2269_1407.png,star,1.0,138.0,0.03200067059532627,0.7964376337519895,4.582555448468913,4.827781803548023,7.918507964899285,9.999991010108177,9.87626027328836,-9.999980016152572
star_Raw_Observation_033_Set3_2323_3399.png,star,1.0,6.0,0.09756097560973921,0.7728224166211736,3.5670924042617784,3.110313845538938,5.586142403844569,-9.664930248989425,-7.368689227537213,0.0
star_Raw_Observation_033_Set3_2340_1361.png,star,1.0,39.5,0.051038344150253954,0.7937675455027328,4.171741294561233,4.258224363140695,8.026015444944772,-9.999977667334754,-9.755149812365106,9.999981469946457
star_Raw_Observation_033_Set3_3462_1604.png,star,0.6666666666666666,1.5,0.5458937625581648,0.6866362690511872,1.8990562710061494,2.8024798164483204,3.5564818934357594,6.768167230698225,4.550073666916219,-7.164066073858295
star_Raw_Observation_033_Set3_4098_2629.png,star,1.0,29.5,0.09634994790441827,0.7932677818378159,3.618832415312664,4.26657183812141,6.745308287549155,9.997573617269223,8.539652859419133,0.0
star_Raw_Observation_033_Set3_4314_1900.png,star,1.0,94.0,0.0004263795710879395,0.7941524973748538,8.319551947073114,5.212817426581855,7.800298748837774,9.99997877795988,-9.995343620256262,0.0
star_Raw_Observation_033_Set3_963_1559.png,star,1.125,43.0,0.03372780966344765,0.7927912612764446,4.529604776158339,4.401583693756625,7.443448464517992,9.999874610005445,9.535618656779677,-9.999862370799608
star_Raw_Observation_034_Set4_0_0.png,star,0.9889064976228209,4543164.0,0.002512663748805922,0.7977111366455983,6.794882629838418,8.235760446189229,9.788457827525807,9.999999999864526,-9.999914812643498,-9.999999999909054
star_Raw_Observation_035_Set4_0_0.png,star,0.9936651583710407,3481950.5,0.0014047847452721026,0.7974625439611887,7.298840441511767,6.446950485189517,9.776867354463057,-9.99999999865937,9.99997218103995,9.999999999506386
streak_Raw_Observation_001_Set1_1052_1421.png,streak,4.526315789473684,757.0,0.9765749583067482,0.11651355106378017,0.25361593465828086,5.344524971893767,5.387243671393083,9.929392591629549,5.518280546717619,-9.99969437825284
streak_Raw_Observation_003_Set1_1387_1377.png,streak,4.5,838.5,0.9759537865279129,0.12201310514506025,0.26516770353912017,5.656007058674598,6.359772383134243,9.999176908750968,9.35416340195746,9.998333466227194
streak_Raw_Observation_004_Set1_1559_1355.png,streak,4.6,861.0,0.9763357946279512,0.11827943982821994,0.25736045609516156,6.490622571662968,6.56116828855471,9.999645016155775,6.734854166389623,9.9999958198471
streak_Raw_Observation_005_Set1_1734_1333.png,streak,4.65,911.0,0.9752990882208658,0.12844595265032213,0.27861626892184826,6.467989663772408,6.371641096875678,9.999299006369567,6.511663681375053,-9.999989776285728
streak_Raw_Observation_006_Set1_1912_1312.png,streak,4.523809523809524,925.5,0.9761006826258678,0.12059373294081618,0.26219823293256644,5.175701185646935,5.304411201664351,9.891084355711092,5.455638739625551,-9.993457365938223
streak_Raw_Observation_007_Set1_2093_1290.png,streak,4.619047619047619,978.5,0.9752086979827655,0.12786171246457276,0.2775282926774381,6.240393108424649,6.8088527334413484,9.999850136130707,7.343693244157937,-9.999865647593001
streak_Raw_Observation_008_Set1_2276_1268.png,streak,4.619047619047619,988.5,0.9760646166123987,0.12021555242369183,0.26147396604661066,5.827168601472819,5.832650647900993,9.990657103931984,5.966247749227743,-9.999960503337585
streak_Raw_Observation_009_Set1_2462_1246.png,streak,4.95,979.0,0.9773026843594499,0.10965681347939037,0.23925544369614715,9.007625242507865,8.5024939430421,9.999999978916739,8.625322437335315,-9.999999994989428
streak_Raw_Observation_010_Set1_2649_1225.png,streak,4.761904761904762,1024.0,0.9767817772029691,0.11307194739533874,0.24654879715870137,5.948170412078113,6.07483077403469,9.9964594824009,6.22381122126296,9.999826291597786
streak_Raw_Observation_011_Set1_2839_1203.png,streak,5.05,999.0,0.9783891826100265,0.0991196198279417,0.21721595498678478,5.621686494873877,6.580971467937382,-9.999110701374397,-6.689904915982536,9.999854403651318
